{
    "items":[
        {
            "id": "1",
            "title": "IOS application mockup design",
            "feed": "<a href='#'>@Mike</a> Send you a message",
            "except": "I'm working on a really amazing project right now, <a href='#'>@samsoe</a> said so, <a href='#'>Here is a little tease</a> ",
            "link": "item.detail.html",
            "thumb": "../assets/img/b1.jpg",
            "meta": {
                "author": "Steven Owens",
                "company": "Samsum Inc.",
                "url": "profile.html",
                "avatar": "../assets/img/a1.jpg",
                "status": "on",
                "color": "primary",
                "date": "20 minutes ago",
                "category": "Blue",
                "tag": "Company",
                "num": 0,
                "comment": 210,
                "like": "5",
                "icon": "true"
            }
        },
        {
            "id": "2",
            "title": "Android game app protype design",
            "feed": "What's the project progress now",
            "except": "<a href='#'>@James</a> Hey bro, I need to work on a new fashion website, Can you point me to a good design website for free stock img?",
            "link": "item.detail.html",
            "thumb": "../assets/img/b2.jpg",
            "meta": {
                "author": "Mike",
                "company": "Microsoft",
                "url": "profile.html",
                "avatar": "../assets/img/a2.jpg",
                "status": "off",
                "color": "primary",
                "date": "45 minutes ago",
                "category": "Jazz",
                "tag": "Personal",
                "num": 30,
                "comment": 10,
                "like": "4",
                "icon": "false"
            }
        },
        {
            "id": "3",
            "title": "Html5 minisite animation mockup",
            "feed": "<a href='#'>@James</a> submit a support ticket",
            "except": "Silence is likely the most important factor in providing focus and improving workflow efficiently. Unfortunately it isn't always respected.",
            "link": "item.detail.html",
            "thumb": "../assets/img/b3.jpg",
            "meta": {
                "author": "William McCoy",
                "company": "Wealth corp",
                "url": "profile.html",
                "avatar": "../assets/img/a3.jpg",
                "status": "away",
                "color": "info",
                "date": "1 hour ago",
                "category": "DJ",
                "tag": "Private",
                "num": 0,
                "comment": 10,
                "like": "50",
                "icon": "true"
            }
        },
        {
            "id": "4",
            "title": "Open source project public release",
            "feed": "<a href='#'>@Eddel</a> upload a media",
            "except": "Highly scalable localization management service designed for translating software products, such as apps, sites and games.",
            "link": "item.detail.html",
            "thumb": "../assets/img/b4.jpg",
            "meta": {
                "author": "Gorge Garcia",
                "company": "GE",
                "url": "profile.html",
                "avatar": "../assets/img/a4.jpg",
                "status": "off",
                "color": "success",
                "date": "2 hours ago",
                "category": "",
                "tag": "Workshop",
                "num": 20,
                "comment": 20,
                "like": "7",
                "icon": "true"
            }
        },
        {
            "id": "5",
            "title": "Wordpress theme api design",
            "feed": "@Eddel Competitive gaming <a href='#'>ladders</a>",
            "except": "A light-weight, no-dependency, vanilla JavaScript engine to drive the user's focus across the page",
            "link": "item.detail.html",
            "thumb": "../assets/img/b5.jpg",
            "meta": {
                "author": "Scott Ortega",
                "company": "Sun",
                "url": "profile.html",
                "avatar": "../assets/img/a5.jpg",
                "status": "on",
                "color": "warning",
                "date": "3 days ago",
                "category": "",
                "tag": "Workshop",
                "num": 4,
                "comment": 100,
                "like": "3",
                "icon": "false"
            }
        },
        {
            "id": "6",
            "title": "Ecommerce website Paypal integration",
            "feed": "Homepage mockup design",
            "except": "This Friday, invest a few hours contributing to the software you use and love.",
            "link": "item.detail.html",
            "thumb": "../assets/img/b6.jpg",
            "meta": {
                "author": "Brittany Ryan",
                "company": "BlackUI",
                "url": "profile.html",
                "avatar": "../assets/img/a6.jpg",
                "status": "on",
                "color": "danger",
                "date": "1 Week ago",
                "category": "",
                "tag": "App",
                "num": 2,
                "comment": 220,
                "like": "5",
                "icon": "false"
            }
        },
        {
            "id": "7",
            "title": "Tumblr theme design",
            "feed": "<a href='#'>Grantt</a> Send you a invitation to SWO",
            "except": "I'm a kind of hipster when it comes to browsers, as I do not like stable releases. They are pretty much boring haha.",
            "link": "item.detail.html",
            "thumb": "../assets/img/b7.jpg",
            "meta": {
                "author": "Louis Little",
                "company": "Lostcorp",
                "url": "profile.html",
                "avatar": "../assets/img/a7.jpg",
                "status": "on",
                "color": "primary",
                "date": "21 July",
                "category": "",
                "tag": "Mockup",
                "num": 8,
                "comment": 510,
                "like": "5",
                "icon": "true"
            }
        },
        {
            "id": "8",
            "title": "Windows software development",
            "feed": "Mike Added you to <a href='#'>repo</a>",
            "except": "It's been a Javascript kind of day...",
            "link": "item.detail.html",
            "thumb": "../assets/img/b8.jpg",
            "meta": {
                "author": "John Keller",
                "company": "Jet",
                "url": "profile.html",
                "avatar": "../assets/img/a8.jpg",
                "status": "on",
                "color": "success",
                "date": "02/11 18",
                "category": "",
                "tag": "Workshop",
                "num": 0,
                "comment": 220,
                "like": "4",
                "icon": "false"
            }
        },
        {
            "id": "9",
            "title": "Youtube ads protype design",
            "feed": "Added to <a href='#'>GameTime</a> team",
            "except": "What are you doing today? <a href='#'>@FashionDesign</a> Oh here, check out the new trailer for <a href='#'>Man of Steel</a>",
            "link": "item.detail.html",
            "thumb": "../assets/img/b9.jpg",
            "meta": {
                "author": "Howard Morgan",
                "company": "HHH inc",
                "url": "profile.html",
                "avatar": "../assets/img/a9.jpg",
                "status": "on",
                "color": "info",
                "date": "2 days ago",
                "category": "",
                "tag": "Private",
                "num": 5,
                "comment": 2310,
                "like": "20",
                "icon": "false"
            }
        },
        {
            "id": "10",
            "title": "Upgrade your Cloudy today",
            "feed": "New cloudy version updated, click to <a href='#'>upgrade</a>",
            "except": "If you’re on the other side of a review, you can request reviews from your peers to get the exact exceptback you need.",
            "link": "item.detail.html",
            "thumb": "../assets/img/b10.jpg",
            "meta": {
                "author": "Gerald Hansen",
                "company": "Goldage",
                "url": "profile.html",
                "avatar": "../assets/img/a10.jpg",
                "status": "on",
                "color": "warning",
                "date": "1 day ago",
                "category": "Soul",
                "tag": "",
                "num": 0,
                "comment": 240,
                "like": "50",
                "icon": "true"
            }
        },
        {
            "id": "11",
            "title": "Fitness application",
            "feed": "Prepare the documentation for the <a href='#'>Fitness app</a>",
            "except": "@DataAPI Implemented new API for transation data from client to server.",
            "link": "item.detail.html",
            "thumb": "../assets/img/b11.jpg",
            "meta": {
                "author": "Kenneth Pierce",
                "company": "KissKiss",
                "url": "profile.html",
                "avatar": "",
                "status": "on",
                "color": "info",
                "date": "20 minutes ago",
                "category": "Soul",
                "tag": "",
                "num": 0,
                "comment": 240,
                "like": "50",
                "icon": "false"
            }
        },
        {
            "id": "12",
            "title": "Lesson summary",
            "feed": "<a href='#'>Mike</a> upload last week lessons summary",
            "except": "Your teammates shouldn’t have to think too hard about what a thumbs up emoji means.",
            "link": "item.detail.html",
            "thumb": "../assets/img/b12.jpg",
            "meta": {
                "author": "David McCoy",
                "company": "Drafty",
                "url": "profile.html",
                "avatar": "",
                "status": "off",
                "color": "info",
                "date": "5 hours ago",
                "category": "Soul",
                "tag": "",
                "num": 0,
                "comment": 14,
                "like": "20",
                "icon": "false"
            }
        },
        {
            "id": "13",
            "title": "Web app workflow documentation",
            "feed": "New web html5 application in process",
            "except": "A well-timed app can complement your workflow and help your team accomplish more",
            "link": "item.detail.html",
            "thumb": "../assets/img/b13.jpg",
            "meta": {
                "author": "Joe Ortiz",
                "company": "JoeJoe company",
                "url": "profile.html",
                "avatar": "",
                "status": "off",
                "color": "primary",
                "date": "3 weeks ago",
                "category": "Soul",
                "tag": "",
                "num": 0,
                "comment": 14,
                "like": "20",
                "icon": "false"
            }
        },
        {
            "id": "14",
            "title": "Account confirmation",
            "feed": "Welcome to new ui dashboard, you are almost there",
            "except": "We’re building developer tools, too. We hope they help you work on projects of any size and share ideas with your friends and coworkers",
            "link": "item.detail.html",
            "thumb": "../assets/img/b14.jpg",
            "meta": {
                "author": "Lori Kelley",
                "company": "Luckman corp",
                "url": "profile.html",
                "avatar": "",
                "status": "off",
                "color": "warning",
                "date": "1 day ago",
                "category": "Soul",
                "tag": "Private",
                "num": 0,
                "comment": 14,
                "like": "20",
                "icon": "true"
            }
        },
        {
            "id": "15",
            "title": "There is a problem with your payment",
            "feed": "We attempted to charge your <a href='#'>Pro plan</a>",
            "except": "You don’t have to switch tools to review code, share input on projects, or open up the conversation to the rest of your team.",
            "link": "item.detail.html",
            "thumb": "../assets/img/b15.jpg",
            "meta": {
                "author": "Gary Woods",
                "company": "Google",
                "url": "profile.html",
                "avatar": "",
                "status": "on",
                "color": "success",
                "date": "03/12 18",
                "category": "Soul",
                "tag": "Company",
                "num": 0,
                "comment": 240,
                "like": "50",
                "icon": "false"
            }
        }
    ],
    "tags":{
        "mail": [
            "Sent",
            "Draft",
            "Trash",
            "Workshop",
            "Company",
            "Personal",
            "Private"
        ],
        "user": [
            "Personal",
            "Friends",
            "Company",
            "Team",
            "Work",
            "Partners",
            "Clients",
            "Suppliers"
        ]
    },
    "user":{
        "name": "Garrett Winters",
        "email": "garrett_winters@gmail.com"
    }
}
